{
    "loss": 13.349883079528809,
    "accuracy": 0.5179855823516846
}