{
    "loss": 22.65410041809082,
    "accuracy": 0.5179855823516846
}